company_google_maps_url|company_name|company_avg_rating|company_number_of_ratings|company_category|company_address|company_website|company_phone
https://www.google.com/maps/place/Maisluzservice/data=!4m5!3m4!1s0x935e8b415ed17ab5:0x2b28b5dc55e8afab!8m2!3d-16.589349!4d-49.3363185?authuser=0&hl=pt-BR&rclk=1|Maisluzservice||||Av. do Bosque, Qd 36 - Lt 08 - Floresta, Goiânia - GO, 74477-128|maisluzservice.com.br|(62) 98185-8539
https://www.google.com/maps/place/Cooper+Rama/data=!4m5!3m4!1s0x935e8ae636e4117b:0x39881fc1534afe1b!8m2!3d-16.5936065!4d-49.333803?authuser=0&hl=pt-BR&rclk=1|Cooper Rama|4,5|11 avaliações|Cooperativa|-282, R. JC 66, 254 - Jardim Curitiba, Goiânia - GO, 74481-390|cooperramacooperativa.com|(62) 99291-2244
https://www.google.com/maps/place/Alfa%26omega+eventos+decora%C3%A7%C3%A3es/data=!4m5!3m4!1s0x935e8b29f45c93b1:0x2907450a764afb2!8m2!3d-16.5910827!4d-49.3378984?authuser=0&hl=pt-BR&rclk=1|Alfa&omega eventos decoraçães|||Empresa de organização de eventos|Ainda do bosque quadra 67 lote 07, Goiânia - GO, 74477-128|(62) 99101-9227|CM56+HR Goiânia, Goiás
https://www.google.com/maps/place/Serralheria+Goi%C3%A2nia/data=!4m5!3m4!1s0x935e8be638c26aa7:0xae1d43e8c33104fd!8m2!3d-16.5956653!4d-49.3316966?authuser=0&hl=pt-BR&rclk=1|Serralheria Goiânia|||Metalúrgica|Rua jc63 quadra 130 lote 9 a, Goiânia - GO, 74481-370|youtube.com|(62) 99350-4461
https://www.google.com/maps/place/Saneago/data=!4m5!3m4!1s0x935e8af02c2ce769:0xb685ad28395218ad!8m2!3d-16.5872278!4d-49.3371102?authuser=0&hl=pt-BR&rclk=1|Saneago|5,0|1 avaliação|Companhia de saneamento|Av. Vale dos Sonhos, 1361-1529 - São Domingos, Goiânia - GO, 74477-300|saneago.com.br|CM77+45 São Domingos, Goiânia - GO
https://www.google.com/maps/place/Revenda+Ultragaz/data=!4m5!3m4!1s0x935e8ae5d0e9665d:0x2fa559a8000bf4e3!8m2!3d-16.5910779!4d-49.3328769?authuser=0&hl=pt-BR&rclk=1|Revenda Ultragaz|5,0|2 avaliações|Companhia de gás|R. Jc 69, 69 - Jardim Curitiba, Goiânia - GO, 74481-560|ultragaz.com.br|4003-0123
https://www.google.com/maps/place/CAMISARIA+FIME+COMPANY/data=!4m5!3m4!1s0x935e8bc6c859877f:0xe6d664064cd7fea7!8m2!3d-16.6070463!4d-49.3272491?authuser=0&hl=pt-BR&rclk=1|CAMISARIA FIME COMPANY|4,0|1 avaliação|Loja de Roupa|||
https://www.google.com/maps/place/Encanto+Das+Artes+Company/data=!4m5!3m4!1s0x935e8b2fe0915a65:0x211e72e314849cff!8m2!3d-16.6958759!4d-49.3042674?authuser=0&hl=pt-BR&rclk=1|Encanto Das Artes Company|||Artista||(62) 99107-9304|
https://www.google.com/maps/place/Fharma+Cidad%C3%A3o/data=!4m5!3m4!1s0x935e8bf2e6181fe3:0xfc506e96722a8ed5!8m2!3d-16.5966103!4d-49.3318044?authuser=0&hl=pt-BR&rclk=1|Fharma Cidadão|5,0|4 avaliações|Farmácia|Rua JC 61, quadra 130, lote 16 sala 03 Jardim Curitiba III, Goiânia - GO, 74481-350|fharma-cidadao.negocio.site|(62) 99395-8850
https://www.google.com/maps/place/Metarl%C3%BAgica+Ben%C3%A9+Montagens/data=!4m5!3m4!1s0x935e8b3b1e82b757:0xa1cefed738d81ffa!8m2!3d-16.5842043!4d-49.3354803?authuser=0&hl=pt-BR&rclk=1|Metarlúgica Bené Montagens|||Metalúrgica|R. BS-6, Qd 12 - São Domingos, Goiânia - GO, 74477-395|CM87+8R São Domingos, Goiânia - GO|
https://www.google.com/maps/place/Droga+Nely's/data=!4m5!3m4!1s0x935e8addd91c2923:0xd3890f60205fbee0!8m2!3d-16.5971544!4d-49.329966?authuser=0&hl=pt-BR&rclk=1|Droga Nely's|5,0|5 avaliações|Farmácia|Av. do Povo, Quadra 14 - Lote 08 - Jardim Curitiba, Goiânia - GO, 74481-300|droga-nelys.business.site|(62) 99193-1093
https://www.google.com/maps/place/Company+cortes+de+malhas+em+geral/data=!4m5!3m4!1s0x935e8ba270f6c015:0x3c4b578bda7a1fd!8m2!3d-16.6958759!4d-49.3042674?authuser=0&hl=pt-BR&rclk=1|Company cortes de malhas em geral|||Commercial cleaning service|(62) 99689-1486||
https://www.google.com/maps/place/ETA+Eng.+Rodolfo+Jos%C3%A9+da+Costa+e+Silva/data=!4m5!3m4!1s0x935e8afe5bdc4515:0x409b7d55b25b4828!8m2!3d-16.5814094!4d-49.330162?authuser=0&hl=pt-BR&rclk=1|ETA Eng. Rodolfo José da Costa e Silva|4,5|13 avaliações|Companhia de saneamento|Floresta, Goiânia - GO|CM99+CW Floresta, Goiânia - GO|
https://www.google.com/maps/place/Landeck/data=!4m5!3m4!1s0x935ef5336f442ac7:0x4e22c1f562339632!8m2!3d-16.6114219!4d-49.3340784?authuser=0&hl=pt-BR&rclk=1|Landeck|5,0|2 avaliações|Empresa de hospedagem na Web|AL. Córrego Fundo QD 100 CH 17 - Jardim Novo Planalto, Goiânia - GO, 74480-060|9MQ8+C9 Goiânia, Goiás|
https://www.google.com/maps/place/Br+G%C3%A1s/data=!4m5!3m4!1s0x94a10d6e4f47618d:0xde95ac9abaab9b65!8m2!3d-16.5885486!4d-49.3408661?authuser=0&hl=pt-BR&rclk=1|Br Gás|||Companhia de gás|Rua 0127 301 - qd F29 lt 40 E, GO|CM65+HM Goiânia, GO|Reivindicar esta empresa
https://www.google.com/maps/place/Zaptodo/data=!4m5!3m4!1s0x935e8b4c12279303:0xd64f68ba578d8746!8m2!3d-14.2400603!4d-51.4106432?authuser=0&hl=pt-BR&rclk=1|Zaptodo|||Empresa de Software||(62) 99698-6199|
https://www.google.com/maps/place/Atrio+Engenharia/data=!4m5!3m4!1s0x935e8b0fab0aab25:0x7df63501345b7491!8m2!3d-16.6037765!4d-49.3422479?authuser=0&hl=pt-BR&rclk=1|Atrio Engenharia|5,0|1 avaliação|Construtora|rua jc 4 qd 32 lt 12 jardim curitiba 2, Goiânia - GO, 74480-470|(62) 99483-0847|9MW5+F4 Goiânia, Goiás
https://www.google.com/maps/place/Debret+Construtora+e+Incorporadora/data=!4m5!3m4!1s0x935e8a95792263cb:0xceaa06865755c9e7!8m2!3d-16.5993006!4d-49.3473611?authuser=0&hl=pt-BR&rclk=1|Debret Construtora e Incorporadora|3,0|1 avaliação|Construtora|Rua T 29 Q 89 - s/n lt 19, GO, 74215-050|Reivindicar esta empresa|
https://www.google.com/maps/place/Mauer+Com%C3%A9rcio+e+Importa%C3%A7%C3%A3o/data=!4m5!3m4!1s0x935e8ad19abde66b:0x2f1278b639c33467!8m2!3d-16.6099861!4d-49.332902?authuser=0&hl=pt-BR&rclk=1|Mauer Comércio e Importação|||Empresa de importação e exportação|R. JC 40, 339 - Jardim Curitiba, Goiânia - GO, 74481-130|9MR8+2R Jardim Curitiba, Goiânia - GO|Reivindicar esta empresa
https://www.google.com/maps/place/ETA+MEIA+PONTE+SANEAGO/data=!4m5!3m4!1s0x935e8b1a87404367:0xbcbf9fc66014640c!8m2!3d-16.5813342!4d-49.3296587?authuser=0&hl=pt-BR&rclk=1|ETA MEIA PONTE SANEAGO|5,0|1 avaliação|Companhia de saneamento|Unnamed Road - Floresta, Goiânia - GO|Reivindicar esta empresa|
https://www.google.com/maps/place/Center+Company+Cursos+Profissionalizantes+(unidade+goiania)/data=!4m5!3m4!1s0x935e8b5d2233e177:0xd6660e517609c081!8m2!3d-16.6076014!4d-49.3454327?authuser=0&hl=pt-BR&rclk=1|Center Company Cursos Profissionalizantes (unidade goiania)|5,0|4 avaliações|Escola de informática|R. JC-16 A, 36196 - Jardim Curitiba, Goiânia - GO, 74480-510|facebook.com|(62) 98642-5337
https://www.google.com/maps/place/Drogalima+Sua+Sa%C3%BAde+Em+Boas+M%C3%A3os/data=!4m5!3m4!1s0x935e8badc168a7d5:0x75aa0ab9d86abaf9!8m2!3d-16.6027308!4d-49.325002?authuser=0&hl=pt-BR&rclk=1|Drogalima Sua Saúde Em Boas Mãos|||Farmácia|Rua 25 de Março, Q. 185, R. L. Quatro, S/N - Parque Tremendao, Goiânia - GO, 74475-820|(62) 99980-3853|9MWF+WX Parque Tremendao, Goiânia - GO
https://www.google.com/maps/place/Escorpi%C3%A3o+Rei+do+G%C3%A1s/data=!4m5!3m4!1s0x935e8bc055bc19cb:0x5a926fd32831e5a1!8m2!3d-16.6012069!4d-49.3460792?authuser=0&hl=pt-BR&rclk=1|Escorpião Rei do Gás|5,0|1 avaliação|Companhia de gás|R. A. Sete - Da Vitoria, Goiânia - GO, 74477-026|(62) 99196-7338|9MX3+GH Da Vitoria, Goiânia - GO
https://www.google.com/maps/place/Cooper+G%C3%A1s+Brasil+-+Revenda+de+G%C3%A1s+GLP+e+%C3%81gua+mineral/data=!4m5!3m4!1s0x935e8b80751af8e9:0x81fba2e5d0d821b7!8m2!3d-16.605047!4d-49.3450191?authuser=0&hl=pt-BR&rclk=1|Cooper Gás Brasil - Revenda de Gás GLP e Água mineral|5,0|3 avaliações|Empresa de petróleo e gás natural|Av. Comercial, quadra 12 - lote 10 - Da Vitoria, Goiânia - GO, 74477-012|(62) 99121-9638|9MV3+XX Da Vitoria, Goiânia - GO
https://www.google.com/maps/place/STA+Brasil/data=!4m5!3m4!1s0x935e8ac99b3e907b:0x2f54db3534f72edd!8m2!3d-16.602623!4d-49.3388325?authuser=0&hl=pt-BR&rclk=1|STA Brasil|4,5|4 avaliações|Empresa de Software|Rua Jc, 43 - Jardim Curitiba II, Goiânia - GO, 74481-190|(62) 98167-2917|9MW6+XF Goiânia, Goiás
https://www.google.com/maps/place/Kids+Company+Camisetas/data=!4m5!3m4!1s0x935ef5fe067e1a15:0xf3fa7e73a9ded336!8m2!3d-16.6143256!4d-49.325228?authuser=0&hl=pt-BR&rclk=1|Kids Company Camisetas|5,0|1 avaliação|Loja de Roupa|||
https://www.google.com/maps/place/Alumni+Engenharia/data=!4m5!3m4!1s0x935e8b714a00f28d:0x5ad5741203e721f0!8m2!3d-16.609285!4d-49.3393318?authuser=0&hl=pt-BR&rclk=1|Alumni Engenharia|5,0|1 avaliação|Civil engineering company|Rua JC 04 QD 12 Chacara 15A Jardim Curitiba, 2, Goiânia - GO, 74480-470|(62) 99206-3501|9MR6+77 Goiânia, Goiás
https://www.google.com/maps/place/THL+metal%C3%BArgica/data=!4m5!3m4!1s0x935e8bbef0306721:0x40ce3e6dc9176992!8m2!3d-16.5952653!4d-49.3467681?authuser=0&hl=pt-BR&rclk=1|THL metalúrgica|||Metalúrgica|Rua Sc-09, quadra 30 lote 24 - São Carlos, Goiânia - GO, 74477-088|(62) 3877-5479|CM33+V7 São Carlos, Goiânia - GO
https://www.google.com/maps/place/Araujo+Engenharia+ltda/data=!4m5!3m4!1s0x935e8b2811cd7bc9:0xf54c357b1a99bb8e!8m2!3d-16.6068846!4d-49.3271794?authuser=0&hl=pt-BR&rclk=1|Araujo Engenharia ltda|||Construtora|C 0159, QD – Quadra 256, LT – Lote 4, Goiânia - GO, 74255-140|araujoconstrutora.com.br|(62) 3991-2270
https://www.google.com/maps/place/Farmacia+Central/data=!4m5!3m4!1s0x935e8b9c0e0aee67:0x773148aa5f563236!8m2!3d-16.6071506!4d-49.3461339?authuser=0&hl=pt-BR&rclk=1|Farmacia Central|5,0|1 avaliação|Farmácia|Rua JC- 02 Q. 02 L.02 - Jardim Curitiba, Goiânia - GO, 74480-450|(62) 3595-6307|9MV3+4G Goiânia, Goiás
https://www.google.com/maps/place/WS+Transportes+Rodovi%C3%A1rios/data=!4m5!3m4!1s0x935e8b71a10880dd:0x4ff38c3227eaeff7!8m2!3d-16.6030554!4d-49.3412837?authuser=0&hl=pt-BR&rclk=1|WS Transportes Rodoviários|||Empresa de transporte rodoviário|R. JC 7, Quadra 33 - Lote 11 - Jardim Curitiba, Goiânia - GO, 74481-020|(62) 98189-9028|9MW5+QF Jardim Curitiba, Goiânia - GO
https://www.google.com/maps/place/Golden+Sol+Energia+Solar/data=!4m5!3m4!1s0x935e8b43224335c3:0xa4328f0909a9510e!8m2!3d-16.5930262!4d-49.3155994?authuser=0&hl=pt-BR&rclk=1|Golden Sol Energia Solar|||Fornecedor de equipamentos a energia solar|Rua pinheiros N 123, Qd.14/17 lt.21 - St. Estrela Dalva, Goiânia - GO, 74475-277|golden-sol.negocio.site|(62) 99408-9779
https://www.google.com/maps/place/Knd+Cadeiras/data=!4m5!3m4!1s0x935e8b90d959ce75:0x9f5fcd70364e1444!8m2!3d-16.5907837!4d-49.3342334?authuser=0&hl=pt-BR&rclk=1|Knd Cadeiras|5,0|5 avaliações|Fabricante|R. JC 15 - Jardim Curitiba, Goiânia - GO, 74480-480|(62) 98515-9080|CM58+M8 Jardim Curitiba, Goiânia - GO
https://www.google.com/maps/place/Renascer+G%C3%A1s/data=!4m5!3m4!1s0x935e8b49065f786f:0x6ae9379525bd24cf!8m2!3d-16.6051139!4d-49.3362359?authuser=0&hl=pt-BR&rclk=1|Renascer Gás|4,8|5 avaliações|Companhia de gás|Av do Povo. Qd 11, Lt16 Esquina com a JC 10 Jd. Curitiba II, Goiânia - GO, 74480-800|(62) 3581-5741|9MV7+XG Goiânia, Goiás
https://www.google.com/maps/place/ETA+MEIA+PONTE+SANEAGO/data=!4m5!3m4!1s0x935e8b7df161219d:0xcc0b46c817528a3f!8m2!3d-16.6089193!4d-49.3407525?authuser=0&hl=pt-BR&rclk=1|ETA MEIA PONTE SANEAGO|||Companhia de saneamento|Av. do Povo, s/n - Floresta, Goiânia - GO, 74480-800|9MR5+CM Floresta, Goiânia - GO|Reivindicar esta empresa
https://www.google.com/maps/place/Ludial+-+Empresas+de+mudan%C3%A7as+em+Goi%C3%A2nia,+Frete+e+Mudan%C3%A7as+em+Goi%C3%A2nia./data=!4m5!3m4!1s0x935e8a891d274ae1:0xba6cfd11e75ac1ae!8m2!3d-16.6010262!4d-49.3488313?authuser=0&hl=pt-BR&rclk=1|Ludial - Empresas de mudanças em Goiânia, Frete e Mudanças em Goiânia.|4,8|13 avaliações|Mudanças|RUA A 16 QD 55 LT 13 - Da Vitoria, Goiânia - GO, 74477-024|ludialmudancas.com.br|(62) 99157-0468
https://www.google.com/maps/place/Revenda+Ultragaz/data=!4m5!3m4!1s0x935e8ad74b25b003:0xb14df3a7e6aeb4df!8m2!3d-16.6062512!4d-49.3292836?authuser=0&hl=pt-BR&rclk=1|Revenda Ultragaz|4,0|5 avaliações|Companhia de gás|R. Fátima Guedes - Parque Tremendao, Goiânia - GO, 74475-017|ultragaz.com.br|4003-0123
https://www.google.com/maps/place/Metal+Arte+-+Acrilico,+Policarbonato,+Painel+Wall,+A%C3%A7o+Carbono,/data=!4m5!3m4!1s0x935e8b27e5c1d87d:0x22c6732c29d9b506!8m2!3d-16.6032026!4d-49.3238298?authuser=0&hl=pt-BR&rclk=1|Metal Arte - Acrilico, Policarbonato, Painel Wall, Aço Carbono,||||Av Otavio Lucio qd16/9 Lote 23 - St. Estrela Dalva, Goiânia - GO, 74475-260|9MWG+PF St. Estrela Dalva, Goiânia - GO|
https://www.google.com/maps/place/Esta%C3%A7%C3%A3o+Telem%C3%A9trica+Rio+Meia+Ponte+Goi%C3%A2nia/data=!4m5!3m4!1s0x935e8b60a224292d:0x8475a5a7e5a45462!8m2!3d-16.5686516!4d-49.3285184?authuser=0&hl=pt-BR&rclk=1|Estação Telemétrica Rio Meia Ponte Goiânia|||Companhia de saneamento|Goiânia, GO|Reivindicar esta empresa|
https://www.google.com/maps/place/Company+Calcados+e+Esportes/data=!4m5!3m4!1s0x935ef5e3346106f7:0x5860f254621ef260!8m2!3d-16.6207101!4d-49.3233545?authuser=0&hl=pt-BR&rclk=1|Company Calcados e Esportes|5,0|7 avaliações|Loja de artigos para esportes ao ar livre|||
https://www.google.com/maps/place/AZ+ENGENHARIA+E+BARRAGENS/data=!4m5!3m4!1s0x935e8b6610003371:0x28f16c2153967b0b!8m2!3d-16.6041225!4d-49.3273869?authuser=0&hl=pt-BR&rclk=1|AZ ENGENHARIA E BARRAGENS||||R. Divino Pascoal de Oliveira, 321 - Cidade Jardim, Goiânia - GO, 74425-220|azengenhariaebarragem.com|(62) 98299-5405
https://www.google.com/maps/place/Company+Consultoria+e+Contabilidade/data=!4m5!3m4!1s0x935ef5403319ae3f:0xe6461fea85cd830d!8m2!3d-16.66371!4d-49.3298726?authuser=0&hl=pt-BR&rclk=1|Company Consultoria e Contabilidade|||Perito em contabilidade|Avenida Padre Feijó, R. 25 de Março, 18 - Qd. 83, Goiânia - GO, 74453-180|ueniweb.com|(62) 98597-0310
https://www.google.com/maps/place/Construtora+Castanheira/data=!4m5!3m4!1s0x935e8ad654cf4349:0x930a4cb22e69b1d6!8m2!3d-16.606914!4d-49.3270374?authuser=0&hl=pt-BR&rclk=1|Construtora Castanheira|||Construtora|Rua MA 13 Rua L. B, 02 - nº 211, Qd. 05 - Res. Olinda, Goiânia - GO|(62) 99823-5252|9MVF+65 Goiânia, Goiás
https://www.google.com/maps/place/Diellen+Imports/data=!4m5!3m4!1s0x935e8b35f03d1f9f:0xc00bec486b361453!8m2!3d-16.6131235!4d-49.3267671?authuser=0&hl=pt-BR&rclk=1|Diellen Imports|||Empresa de importação e exportação|Rua 132c Qd. F29 Lt.03 casa 05, Goiânia - GO, 74093-210|Reivindicar esta empresa|
https://www.google.com/maps/place/UnityCloud+-+Solu%C3%A7%C3%B5es+em+Cloud+Computing/data=!4m5!3m4!1s0x935ef3a84b730859:0x6850a5732383ef2c!8m2!3d-14.2400603!4d-51.4106432?authuser=0&hl=pt-BR&rclk=1|UnityCloud - Soluções em Cloud Computing|4,6|7 avaliações|Empresa de hospedagem na Web||(62) 4141-0994|
https://www.google.com/maps/place/Drogaria+liberdade/data=!4m5!3m4!1s0x935e8bb6a1bf80ad:0x1393c3557a79275d!8m2!3d-16.6089193!4d-49.3407525?authuser=0&hl=pt-BR&rclk=1|Drogaria liberdade|||Farmácia|Av. do Povo - Jardim Curitiba, Goiânia - GO|(62) 3595-2424|9MR5+CM Goiânia, Goiás
https://www.google.com/maps/place/Mc+Company/data=!4m5!3m4!1s0x935ef3f4edd84c29:0x206f19d2ceda94b4!8m2!3d-16.6622818!4d-49.2806086?authuser=0&hl=pt-BR&rclk=1|Mc Company|5,0|3 avaliações|Fabricante|R. 2, 183-321 - Vila Isaura, Goiânia - GO, 74553-040|8PQ9+3Q Vila Isaura, Goiânia - GO|Reivindicar esta empresa
https://www.google.com/maps/place/MC+Company+-+Loja+05+Goi%C3%A1s+Center+Modas/data=!4m5!3m4!1s0x935ef3bd7fc90b5d:0x4bb9724ef1e95dec!8m2!3d-16.649359!4d-49.263558?authuser=0&hl=pt-BR&rclk=1|MC Company - Loja 05 Goiás Center Modas|2,8|4 avaliações|Loja de moda feminina|||
https://www.google.com/maps/place/Company+Tintas/data=!4m5!3m4!1s0x935ef5278cbe7fed:0xdbb62926d81ea594!8m2!3d-16.6244721!4d-49.3251417?authuser=0&hl=pt-BR&rclk=1|Company Tintas|3,0|2 avaliações|Loja de tintas|||
https://www.google.com/maps/place/IMPERIO+DO+COMPUTADOR+E+SMARTPHONES/data=!4m5!3m4!1s0x935e8b8b34dd12e5:0x1d6732ee5a60b0da!8m2!3d-16.5901201!4d-49.3356673?authuser=0&hl=pt-BR&rclk=1|IMPERIO DO COMPUTADOR E SMARTPHONES|3,7|3 avaliações|Loja de Informática|||
https://www.google.com/maps/place/company+sistemas+de+seguran%C3%A7a/data=!4m5!3m4!1s0x935e61ac45ab6a97:0x178e61cb873a60ad!8m2!3d-16.589475!4d-49.399112?authuser=0&hl=pt-BR&rclk=1|company sistemas de segurança|||Assistência Técnica de Informática|Av. das Palmas, 9 - St. Palmares, Trindade - GO, 75380-000|CJ62+69 St. Palmares, Trindade - GO|Reivindicar esta empresa
https://www.google.com/maps/place/MC+Company+-+F%C3%A1brica+e+Administra%C3%A7%C3%A3o/data=!4m5!3m4!1s0x935ef3f4ed9a0ba1:0xc422e361fc87c9!8m2!3d-16.6065616!4d-49.3538546?authuser=0&hl=pt-BR&rclk=1|MC Company - Fábrica e Administração|5,0|3 avaliações|Loja de moda feminina|||
https://www.google.com/maps/place/Classe+mudan%C3%A7as+-+Transportes+e+mudan%C3%A7as+Goi%C3%A2nia/data=!4m5!3m4!1s0x935ef5030560202b:0xe2e69f7d0e91cae8!8m2!3d-17.6190861!4d-45.5065402?authuser=0&hl=pt-BR&rclk=1|Classe mudanças - Transportes e mudanças Goiânia|||Mudanças||(62) 99533-7212|
https://www.google.com/maps/place/Advance+Tecnologia/data=!4m5!3m4!1s0x935e8bcbf992db3b:0x53c6a385d36da4bd!8m2!3d-16.5937451!4d-49.3349941?authuser=0&hl=pt-BR&rclk=1|Advance Tecnologia|||Loja de celulares|||
https://www.google.com/maps/place/Make+Company/data=!4m5!3m4!1s0x935ef6c2e0f36e3b:0x4278ed0fe1715241!8m2!3d-16.7122356!4d-49.3020012?authuser=0&hl=pt-BR&rclk=1|Make Company|5,0|1 avaliação|Empresa de Automação Empresarial|R. Entre Rios, 71 - Jardim Planalto, Goiânia - GO, 74333-090|(62) 3434-0616|7MQX+45 Jardim Planalto, Goiânia - GO
https://www.google.com/maps/place/Alfa+e+Omega+Reformas+e+Pinturas/data=!4m5!3m4!1s0x935e8b65faeed19b:0x93fbed0a0bb4c0df!8m2!3d-16.5900934!4d-49.3368301?authuser=0&hl=pt-BR&rclk=1|Alfa e Omega Reformas e Pinturas|||Construtor Imobiliário|Av. do Bosque, Quadra 67 - Lote 07 - Floresta, Goiânia - GO, 74477-128|ueniweb.com|(61) 99286-9367
https://www.google.com/maps/place/Stillus+Hair+Company/data=!4m5!3m4!1s0x935e8b4bfc962721:0x90516d0d1932818!8m2!3d-16.6031381!4d-49.2999081?authuser=0&hl=pt-BR&rclk=1|Stillus Hair Company|||Salão de Beleza|Rua Rb 28 10336 - QD336 LT11 N2SL1, GO, 54748-250|9PW2+P2 Goiânia, GO|Reivindicar esta empresa
https://www.google.com/maps/place/%2BSom/data=!4m5!3m4!1s0x935e8ae582513c43:0xd48d04e867f64c63!8m2!3d-16.5895599!4d-49.3344102?authuser=0&hl=pt-BR&rclk=1|+Som|||Loja de som para carros|||
https://www.google.com/maps/place/MC+Company+Loja+01+-+Rua+01/data=!4m5!3m4!1s0x935ef3f254492d47:0x1222cf42ebec8e0d!8m2!3d-16.662209!4d-49.276321?authuser=0&hl=pt-BR&rclk=1|MC Company Loja 01 - Rua 01|5,0|2 avaliações|Loja de moda feminina|||
https://www.google.com/maps/place/Company+Print/data=!4m5!3m4!1s0x935ef3f46dac04a7:0x345b3567106e0f99!8m2!3d-16.663889!4d-49.2798677?authuser=0&hl=pt-BR&rclk=1|Company Print|||Impressões|R. Z, 161 - Vila Isaura, Goiânia - GO, 74550-015|Reivindicar esta empresa|
https://www.google.com/maps/place/Cabelo+Humano+-+A+Casa+d%C2%B4Oriente/data=!4m5!3m4!1s0x935ef054e4c3e9cf:0x9fca168314b9abf7!8m2!3d-14.2399002!4d-51.4106432?authuser=0&hl=pt-BR&rclk=1|Cabelo Humano - A Casa d´Oriente|4,2|6 avaliações|Empresa de importação e exportação||0800 735 2500|
https://www.google.com/maps/place/Instituto+Prima's+Nails+e+Company/data=!4m5!3m4!1s0x935ef5ed221be349:0x9b0ec51b0a7b0bd!8m2!3d-16.6205927!4d-49.2918891?authuser=0&hl=pt-BR&rclk=1|Instituto Prima's Nails e Company|5,0|6 avaliações|Salão de Beleza|R. Múcio Pestana - Jardim Balneario Meia Ponte, Goiânia - GO, 74465-140|(62) 98473-9842|9PH5+Q6 Jardim Balneario Meia Ponte, Goiânia - GO
https://www.google.com/maps/place/IN+Site+Comunica%C3%A7%C3%A3o/data=!4m5!3m4!1s0x94a10d6e4f47618d:0x4fa34d6909eda387!8m2!3d-16.5885433!4d-49.3409496?authuser=0&hl=pt-BR&rclk=1|IN Site Comunicação|||Webdesigner|Rua 0089 419 - qd F44 lt 47, GO|CM65+HJ Goiânia, GO|Reivindicar esta empresa
https://www.google.com/maps/place/Magrao+Transportes/data=!4m5!3m4!1s0x935e8b0981e34a4b:0x234e236d62727437!8m2!3d-16.6159725!4d-49.3556677?authuser=0&hl=pt-BR&rclk=1|Magrao Transportes|5,0|1 avaliação|Empresa de transporte rodoviário|R. VME, 3b - qd 90 lt9 - St. Novo Planalto, Goiânia - GO, 74480-395|(62) 99413-9281|9JMV+JP St. Novo Planalto, Goiânia - GO
https://www.google.com/maps/place/Mi7+Solu%C3%A7%C3%B5es+em+Inform%C3%A1tica/data=!4m5!3m4!1s0x935ef5c4948bd2df:0x247ab8eb0aabedb2!8m2!3d-16.6213677!4d-49.3177276?authuser=0&hl=pt-BR&rclk=1|Mi7 Soluções em Informática|5,0|1 avaliação|Empresa de Software|R. Vf 32, Qd 26 Lt 16 - Vila Finsocial, Goiânia - GO, 74473-280|mi7.com.br|(62) 99276-3188
https://www.google.com/maps/place/MC+Company+Loja+02+-+Bernardo+Say%C3%A3o/data=!4m5!3m4!1s0x935ef3ed3013a66f:0x581aac570de9f0de!8m2!3d-16.6592978!4d-49.2721181?authuser=0&hl=pt-BR&rclk=1|MC Company Loja 02 - Bernardo Sayão|4,8|9 avaliações|Loja de moda feminina|||
https://www.google.com/maps/place/Conpar+Construtora+Parana%C3%ADba/data=!4m5!3m4!1s0x935e8b4a66078f4d:0x22194f29ae38cd2!8m2!3d-16.6055563!4d-49.3034731?authuser=0&hl=pt-BR&rclk=1|Conpar Construtora Paranaíba|||Empresa de Terraplenagem|R. RB-6, 315 - Res. Recanto do Bosque, Goiânia - GO, 74474-315|9MVW+QJ Res. Recanto do Bosque, Goiânia - GO|Reivindicar esta empresa
https://www.google.com/maps/place/A+Preferida+mudan%C3%A7as+e+transportes+-+Goi%C3%A2nia/data=!4m5!3m4!1s0x935ef5031d335ad5:0x11a2b539764e9eda!8m2!3d-16.6449!4d-49.327198?authuser=0&hl=pt-BR&rclk=1|A Preferida mudanças e transportes - Goiânia|5,0|2 avaliações|Mudanças|R. Nova - Jardim Nova Esperanca, Goiânia - GO, 74465-280|(62) 98836-0174|9M4F+24 Jardim Nova Esperanca, Goiânia - GO
https://www.google.com/maps/place/NCR+Brasil/data=!4m5!3m4!1s0x935ef1608dc2e85f:0x15a535939e7f7e7e!8m2!3d-16.6767883!4d-49.2652452?authuser=0&hl=pt-BR&rclk=1|NCR Brasil|||Empresa de Automação Empresarial|Alameda dos Buritis, 83 - St. Central, Goiânia - GO, 74015-080|8PFM+7W St. Central, Goiânia - GO|Reivindicar esta empresa
https://www.google.com/maps/place/Dot+Company/data=!4m5!3m4!1s0x935ef3918a0eacef:0xcfe4cd58f45619da!8m2!3d-16.6539153!4d-49.2724783?authuser=0&hl=pt-BR&rclk=1|Dot Company|||Consultoria de informática|Rua Luiz Vieira - s/n Qd 227 lt 10 S 36, Goiânia - GO, 74563-430|Reivindicar esta empresa|
https://www.google.com/maps/place/And+Apple+Company/data=!4m5!3m4!1s0x935ef3f8865443a7:0x12ce90029e433dc!8m2!3d-16.6735089!4d-49.2836677?authuser=0&hl=pt-BR&rclk=1|And Apple Company||||Av. Anhanguera, 7840 - St. dos Funcionários, Goiânia - GO, 74503-100|8PG8+HG St. dos Funcionários, Goiânia - GO|Reivindicar esta empresa
https://www.google.com/maps/place/ICE+CREAM+COMPANY/data=!4m5!3m4!1s0x935ef501e8150f0d:0xcf8fb246100ab6a9!8m2!3d-16.6544337!4d-49.3131463?authuser=0&hl=pt-BR&rclk=1|ICE CREAM COMPANY|5,0|8 avaliações|Sorveteria|R. Rio Branco - St. Vila João Vaz, Goiânia - GO, 74445-230|(62) 99401-2606|8MWP+6P St. Vila João Vaz, Goiânia - GO
https://www.google.com/maps/place/Company+Hero+-+Goi%C3%A2nia/data=!4m5!3m4!1s0x935ef1a45b3f034f:0xb6e11e693c37f98!8m2!3d-16.6969554!4d-49.2695497?authuser=0&hl=pt-BR&rclk=1|Company Hero - Goiânia|5,0|1 avaliação|Locação de escritório virtual|Av. Portugal, n°1148 Edifício Órion Business & Health Complex, Sala C 2501 - St. Marista, Goiânia - GO, 74150-030|(11) 95736-5704|8P3J+65 St. Marista, Goiânia - GO
https://www.google.com/maps/place/Mc+Company/data=!4m5!3m4!1s0x935ef3f4a81ca4d1:0xb7f664a644d9d877!8m2!3d-16.6607787!4d-49.2791726?authuser=0&hl=pt-BR&rclk=1|Mc Company|4,9|8 avaliações|Confecção|||
https://www.google.com/maps/place/Metal%C3%BArgica+Dobrafer/data=!4m5!3m4!1s0x935ef58e5b7c9d89:0xe825e47926ee6d62!8m2!3d-16.6308762!4d-49.3479241?authuser=0&hl=pt-BR&rclk=1|Metalúrgica Dobrafer|5,0|1 avaliação|Metalúrgica|Estrada 133 QD.CH 467 N° 78 - Chácaras Recreio São Joaquim, Goiânia - GO, 74470-295|metalurgicadobrafer.com.br|(62) 3595-3365
https://www.google.com/maps/place/Distribuidora+de+bebidas+-+Recanto+Mata+Sede/data=!4m5!3m4!1s0x935e8ae5a32a6bbf:0xd988a039c9f1a5d0!8m2!3d-16.5896248!4d-49.3337946?authuser=0&hl=pt-BR&rclk=1|Distribuidora de bebidas - Recanto Mata Sede|||Distribuidor de bebidas|Floresta, Goiânia - GO, 74477-144|Reivindicar esta empresa|
https://www.google.com/maps/place/Duna+Games+-+Estudio/data=!4m5!3m4!1s0x935e8c9ff13064cf:0x62cc4b364bb34086!8m2!3d-16.584713!4d-49.2831901?authuser=0&hl=pt-BR&rclk=1|Duna Games - Estudio|||Empresa de Software|R. 2, 17 - Chácaras de Recreio Samambaia, Goiânia - GO, 74691-320|CP88+4P Chácaras de Recreio Samambaia, Goiânia - GO|
https://www.google.com/maps/place/Andrade+Desenvolvimento+de+Software/data=!4m5!3m4!1s0x935ef5c9ccf4f5f5:0x7a9ed7db2234b708!8m2!3d-16.649428!4d-49.326427?authuser=0&hl=pt-BR&rclk=1|Andrade Desenvolvimento de Software|5,0|1 avaliação|Empresa de Software|Rua CM-14, 11098 Tropicale, Res. Salinas, Búzios, 305 - St. Candida de Morais, Goiânia - GO, 74463-280|about.me|(62) 98266-3867
https://www.google.com/maps/place/Company+club/data=!4m5!3m4!1s0x935ef1ffea8db65b:0x1b214b43cdd9d4a7!8m2!3d-16.685009!4d-49.2482764?authuser=0&hl=pt-BR&rclk=1|Company club|||Agente comercial de carros|Av 83 Ao lado da Delegacia Militar Setor Sul de, GO, 74000-000|(62) 99420-9873|8Q72+XM Goiânia, GO
https://www.google.com/maps/place/Linx+Goi%C3%A2nia/data=!4m5!3m4!1s0x935ef4a3e8f28049:0xf48ba94fef8a73ea!8m2!3d-16.620722!4d-49.2899353?authuser=0&hl=pt-BR&rclk=1|Linx Goiânia|4,8|8 avaliações|Empresa de Software|Av. Horácio Costa e Silva, 763 - Jardim Balneario Meia Ponte, Goiânia - GO, 74593-230|suportigo.com.br|linx.com.br
https://www.google.com/maps/place/Serralheria+Stillo/data=!4m5!3m4!1s0x935e8aefbbbf2483:0x9f9a0515631958ff!8m2!3d-16.5891199!4d-49.3365432?authuser=0&hl=pt-BR&rclk=1|Serralheria Stillo|||Serralharia|Av. do Bosque - Floresta, Goiânia - GO, 74477-128|Reivindicar esta empresa|
https://www.google.com/maps/place/House+Digital+Marketing/data=!4m5!3m4!1s0x935e8b78dd514511:0xf40cd8d3d3452f51!8m2!3d-16.5978912!4d-49.3478432?authuser=0&hl=pt-BR&rclk=1|House Digital Marketing|5,0|3 avaliações|Agência de marketing digital|R. Sc Vinte e Quatro, Qd - 23 - Lt - 03 - São Carlos, Goiânia - GO, 74477-187||(62) 99157-6205
https://www.google.com/maps/place/Prime+Company/data=!4m5!3m4!1s0x935ef1f5745682c1:0xccbd5dd44d987029!8m2!3d-16.6922989!4d-49.2577185?authuser=0&hl=pt-BR&rclk=1|Prime Company|||Espaço de coworking|R. 128 - St. Sul, Goiânia - GO, 74093-100|primedrink.com.br|(62) 99116-5047
https://www.google.com/maps/place/SUSHI+COMPANY/data=!4m5!3m4!1s0x935ef7d5ed9671bf:0xb08594b8df37d4c2!8m2!3d-16.7095528!4d-49.3243948?authuser=0&hl=pt-BR&rclk=1|SUSHI COMPANY|4,8|38 avaliações|Restaurante|||
https://www.google.com/maps/place/Plast+Company/data=!4m5!3m4!1s0x935ef40fee637a03:0xa3660971c25ca63e!8m2!3d-16.6725197!4d-49.2933006?authuser=0&hl=pt-BR&rclk=1|Plast Company|4,8|32 avaliações|Loja de artigos de couro|||
https://www.google.com/maps/place/Odonto+Company+Goianira/data=!4m5!3m4!1s0x935e63573fd057e7:0x86b43b537b0f6e95!8m2!3d-16.4993392!4d-49.4264359?authuser=0&hl=pt-BR&rclk=1|Odonto Company Goianira|||Clínica odontológica|||
https://www.google.com/maps/place/Company+Contabilidade+Eireli/data=!4m5!3m4!1s0x935ef1103769c1e1:0x21ec195bb398e2b5!8m2!3d-16.6868687!4d-49.2507487?authuser=0&hl=pt-BR&rclk=1|Company Contabilidade Eireli|5,0|1 avaliação|Escritório da empresa|R. 83-F, 372 - St. Sul, Goiânia - GO, 74175-120|companycontabilidade.com|(62) 3281-3955
https://www.google.com/maps/place/KOREY+COMPANY/data=!4m5!3m4!1s0x935ef3fa6681d5e7:0xe6018e60ccca3ecd!8m2!3d-16.6539608!4d-49.2658422?authuser=0&hl=pt-BR&rclk=1|KOREY COMPANY|||Loja de moda feminina|||
https://www.google.com/maps/place/Dog+Company+Veterin%C3%A1ria/data=!4m5!3m4!1s0x935ef693b97f3121:0xde1653642469f2b2!8m2!3d-16.7010923!4d-49.311563?authuser=0&hl=pt-BR&rclk=1|Dog Company Veterinária|4,4|148 avaliações|Hospital Veterinário|Av. Belo Horizonte, 500 - Jardim Ana Lúcia, Goiânia - GO, 74315-040||(62) 3110-5996
https://www.google.com/maps/place/Expresso+Sat%C3%A9lite+Norte+-+Cargas+e+Encomendas/data=!4m5!3m4!1s0x935ef5f53cf2aa51:0x3ee0d2d9ec4e48e9!8m2!3d-16.638801!4d-49.3033851?authuser=0&hl=pt-BR&rclk=1|Expresso Satélite Norte - Cargas e Encomendas|4,0|160 avaliações|Empresa de transporte rodoviário|R. B, 302 - Vila Industrial Pedro, Goiânia - GO, 74583-180|satelitenorte.com.br|(62) 3565-1717
https://www.google.com/maps/place/Gota+Company/data=!4m5!3m4!1s0x935ef3916e397c47:0xe4ed36ee2b8ad5a3!8m2!3d-16.6527348!4d-49.2707764?authuser=0&hl=pt-BR&rclk=1|Gota Company|||Loja de camisetas|||
https://www.google.com/maps/place/Bio+Company+Produtos+Naturais/data=!4m5!3m4!1s0x935ef15896a76437:0xdf0a14c904107842!8m2!3d-16.678324!4d-49.2704669?authuser=0&hl=pt-BR&rclk=1|Bio Company Produtos Naturais|||Loja de produtos naturais|||
https://www.google.com/maps/place/AR+ELETR%C3%94NICA/data=!4m5!3m4!1s0x935e8aee14a52505:0xab68cd45b23688f6!8m2!3d-16.5892581!4d-49.3389483?authuser=0&hl=pt-BR&rclk=1|AR ELETRÔNICA|2,5|2 avaliações|Loja de eletrônicos|||
https://www.google.com/maps/place/Anglo+American+Brasil/data=!4m5!3m4!1s0x935ef2517fd7a877:0x5563c968213dcb2c!8m2!3d-16.6334914!4d-49.2345607?authuser=0&hl=pt-BR&rclk=1|Anglo American Brasil|4,6|5 avaliações|Companhia de Mineração|Av. Caiapó, 87 - Santa Genoveva, Goiânia - GO, 74672-400|angloamerican.com|(31) 2534-4101
https://www.google.com/maps/place/IG+Company/data=!4m5!3m4!1s0x935ef7660e2bb75d:0x9703a65ab5aa006e!8m2!3d-16.6978251!4d-49.3248478?authuser=0&hl=pt-BR&rclk=1|IG Company|||Mudanças|R. dos Gerânios - Chácaras da Ge, Goiânia - GO, 74375-600||mudancas-brasil.webnode.com
https://www.google.com/maps/place/BP+COMPANY+PROCESSOS+E+GEST%C3%83O/data=!4m5!3m4!1s0x935ef1280460fbf3:0x2dd2c27dabc294c3!8m2!3d-16.7163658!4d-49.2744683?authuser=0&hl=pt-BR&rclk=1|BP COMPANY PROCESSOS E GESTÃO|5,0|1 avaliação|Consultoria empresarial|Av. C-255, 370 - St. Nova Suica, Goiânia - GO, 74280-010|bpcompany.com.br|(62) 3087-9300
https://www.google.com/maps/place/Mademidia/data=!4m5!3m4!1s0x935e8af1d53406cf:0xdffc21113464b5c1!8m2!3d-16.5876518!4d-49.3374177?authuser=0&hl=pt-BR&rclk=1|Mademidia|||Fornecedor de produtos de limpeza|Av. dos Ipês, 1512 - Boa Vista, Goiânia - GO, 08161-000|CM67+W2 Boa Vista, Goiânia - GO|Reivindicar esta empresa
https://www.google.com/maps/place/GW+Pedreiros/data=!4m5!3m4!1s0x935e8ae6629384ab:0xcc31cf009dd0273d!8m2!3d-16.5920419!4d-49.3325351?authuser=0&hl=pt-BR&rclk=1|GW Pedreiros|3,3|3 avaliações|Pedreiro|R. JC-70, 142 - Jardim Curitiba, Goiânia - GO, 74481-570|CM58+5X Jardim Curitiba, Goiânia - GO|Reivindicar esta empresa
https://www.google.com/maps/place/Reis+Transportes/data=!4m5!3m4!1s0x935ef51130eb8f91:0x72b7822ac1a30984!8m2!3d-16.640372!4d-49.3029882?authuser=0&hl=pt-BR&rclk=1|Reis Transportes|3,6|11 avaliações|Empresa de transporte rodoviário|avenida maria de melo s/n q.04 L.46 - zona industrial pedro abraão, Goiânia - GO, 74583-245|negocio.site|(62) 3536-3027
https://www.google.com/maps/place/Mercearia+e+Distribuidora+do+Neguinho/data=!4m5!3m4!1s0x935e8aefd3c9eee5:0xd06de5ce476071ec!8m2!3d-16.5881113!4d-49.3371581?authuser=0&hl=pt-BR&rclk=1|Mercearia e Distribuidora do Neguinho|4,0|3 avaliações|Distribuidora de Bebidas|Av. dos Ipês, 1385-1521 - Boa Vista, Goiânia - GO, 74477-143|Reivindicar esta empresa|
